image,label
./data/fire (1).jpg,fire
./data/fire (10).jpg,fire
./data/fire (100).jpg,fire
./data/fire (101).jpg,fire
./data/fire (102).jpg,fire
./data/fire (103).jpg,fire
./data/fire (104).jpg,fire
./data/fire (105).jpg,fire
./data/fire (106).jpg,fire
./data/fire (107).jpg,fire
./data/fire (108).jpg,fire
./data/fire (109).jpg,fire
./data/fire (11).jpg,fire
./data/fire (110).jpg,fire
./data/fire (111).jpg,fire
./data/fire (112).jpg,fire
./data/fire (113).jpg,fire
./data/fire (114).jpg,fire
./data/fire (115).jpg,fire
./data/fire (116).jpg,fire
./data/fire (117).jpg,fire
./data/fire (118).jpg,fire
./data/fire (119).jpg,fire
./data/fire (12).jpg,fire
./data/fire (120).jpg,fire
./data/fire (121).jpg,fire
./data/fire (122).jpg,fire
./data/fire (123).jpg,fire
./data/fire (124).jpg,fire
./data/fire (125).jpg,fire
./data/fire (126).jpg,fire
./data/fire (127).jpg,fire
./data/fire (128).jpg,fire
./data/fire (129).jpg,fire
./data/fire (13).jpg,fire
./data/fire (130).jpg,fire
./data/fire (131).jpg,fire
./data/fire (132).jpg,fire
./data/fire (133).jpg,fire
./data/fire (134).jpg,fire
./data/fire (135).jpg,fire
./data/fire (136).jpg,fire
./data/fire (137).jpg,fire
./data/fire (138).jpg,fire
./data/fire (139).jpg,fire
./data/fire (14).jpg,fire
./data/fire (140).jpg,fire
./data/fire (141).jpg,fire
./data/fire (142).jpg,fire
./data/fire (143).jpg,fire
./data/fire (144).jpg,fire
./data/fire (145).jpg,fire
./data/fire (146).jpg,fire
./data/fire (147).jpg,fire
./data/fire (148).jpg,fire
./data/fire (149).jpg,fire
./data/fire (15).jpg,fire
./data/fire (150).jpg,fire
./data/fire (151).jpg,fire
./data/fire (152).jpg,fire
./data/fire (153).jpg,fire
./data/fire (154).jpg,fire
./data/fire (155).jpg,fire
./data/fire (156).jpg,fire
./data/fire (157).jpg,fire
./data/fire (158).jpg,fire
./data/fire (159).jpg,fire
./data/fire (16).jpg,fire
./data/fire (160).jpg,fire
./data/fire (161).jpg,fire
./data/fire (162).jpg,fire
./data/fire (163).jpg,fire
./data/fire (164).jpg,fire
./data/fire (165).jpg,fire
./data/fire (166).jpg,fire
./data/fire (167).jpg,fire
./data/fire (168).jpg,fire
./data/fire (169).jpg,fire
./data/fire (17).jpg,fire
./data/fire (170).jpg,fire
./data/fire (171).jpg,fire
./data/fire (172).jpg,fire
./data/fire (173).jpg,fire
./data/fire (174).jpg,fire
./data/fire (175).jpg,fire
./data/fire (176).jpg,fire
./data/fire (177).jpg,fire
./data/fire (178).jpg,fire
./data/fire (179).jpg,fire
./data/fire (18).jpg,fire
./data/fire (180).jpg,fire
./data/fire (181).jpg,fire
./data/fire (182).jpg,fire
./data/fire (183).jpg,fire
./data/fire (184).jpg,fire
./data/fire (185).jpg,fire
./data/fire (186).jpg,fire
./data/fire (187).jpg,fire
./data/fire (188).jpg,fire
./data/fire (189).jpg,fire
./data/fire (19).jpg,fire
./data/fire (190).jpg,fire
./data/fire (191).jpg,fire
./data/fire (192).jpg,fire
./data/fire (193).jpg,fire
./data/fire (194).jpg,fire
./data/fire (195).jpg,fire
./data/fire (196).jpg,fire
./data/fire (197).jpg,fire
./data/fire (198).jpg,fire
./data/fire (199).jpg,fire
./data/fire (2).jpg,fire
./data/fire (20).jpg,fire
./data/fire (200).jpg,fire
./data/fire (201).jpg,fire
./data/fire (202).jpg,fire
./data/fire (203).jpg,fire
./data/fire (204).jpg,fire
./data/fire (205).jpg,fire
./data/fire (206).jpg,fire
./data/fire (207).jpg,fire
./data/fire (208).jpg,fire
./data/fire (209).jpg,fire
./data/fire (21).jpg,fire
./data/fire (210).jpg,fire
./data/fire (211).jpg,fire
./data/fire (212).jpg,fire
./data/fire (213).jpg,fire
./data/fire (214).jpg,fire
./data/fire (215).jpg,fire
./data/fire (216).jpg,fire
./data/fire (217).jpg,fire
./data/fire (218).jpg,fire
./data/fire (219).jpg,fire
./data/fire (22).jpg,fire
./data/fire (220).jpg,fire
./data/fire (221).jpg,fire
./data/fire (222).jpg,fire
./data/fire (223).jpg,fire
./data/fire (224).jpg,fire
./data/fire (225).jpg,fire
./data/fire (226).jpg,fire
./data/fire (227).jpg,fire
./data/fire (228).jpg,fire
./data/fire (229).jpg,fire
./data/fire (23).jpg,fire
./data/fire (230).jpg,fire
./data/fire (231).jpg,fire
./data/fire (232).jpg,fire
./data/fire (233).jpg,fire
./data/fire (234).jpg,fire
./data/fire (235).jpg,fire
./data/fire (236).jpg,fire
./data/fire (237).jpg,fire
./data/fire (238).jpg,fire
./data/fire (239).jpg,fire
./data/fire (24).jpg,fire
./data/fire (240).jpg,fire
./data/fire (241).jpg,fire
./data/fire (242).jpg,fire
./data/fire (243).jpg,fire
./data/fire (244).jpg,fire
./data/fire (245).jpg,fire
./data/fire (246).jpg,fire
./data/fire (247).jpg,fire
./data/fire (248).jpg,fire
./data/fire (249).jpg,fire
./data/fire (25).jpg,fire
./data/fire (250).jpg,fire
./data/fire (251).jpg,fire
./data/fire (252).jpg,fire
./data/fire (253).jpg,fire
./data/fire (254).jpg,fire
./data/fire (255).jpg,fire
./data/fire (256).jpg,fire
./data/fire (257).jpg,fire
./data/fire (258).jpg,fire
./data/fire (259).jpg,fire
./data/fire (26).jpg,fire
./data/fire (260).jpg,fire
./data/fire (261).jpg,fire
./data/fire (262).jpg,fire
./data/fire (263).jpg,fire
./data/fire (264).jpg,fire
./data/fire (265).jpg,fire
./data/fire (266).jpg,fire
./data/fire (267).jpg,fire
./data/fire (268).jpg,fire
./data/fire (269).jpg,fire
./data/fire (27).jpg,fire
./data/fire (270).jpg,fire
./data/fire (271).jpg,fire
./data/fire (272).jpg,fire
./data/fire (273).jpg,fire
./data/fire (274).jpg,fire
./data/fire (275).jpg,fire
./data/fire (276).jpg,fire
./data/fire (277).jpg,fire
./data/fire (278).jpg,fire
./data/fire (279).jpg,fire
./data/fire (28).jpg,fire
./data/fire (280).jpg,fire
./data/fire (281).jpg,fire
./data/fire (282).jpg,fire
./data/fire (283).jpg,fire
./data/fire (284).jpg,fire
./data/fire (285).jpg,fire
./data/fire (286).jpg,fire
./data/fire (287).jpg,fire
./data/fire (288).jpg,fire
./data/fire (289).jpg,fire
./data/fire (29).jpg,fire
./data/fire (290).jpg,fire
./data/fire (291).jpg,fire
./data/fire (292).jpg,fire
./data/fire (293).jpg,fire
./data/fire (294).jpg,fire
./data/fire (295).jpg,fire
./data/fire (296).jpg,fire
./data/fire (297).jpg,fire
./data/fire (298).jpg,fire
./data/fire (299).jpg,fire
./data/fire (3).jpg,fire
./data/fire (30).jpg,fire
./data/fire (300).jpg,fire
./data/fire (301).jpg,fire
./data/fire (302).jpg,fire
./data/fire (303).jpg,fire
./data/fire (304).jpg,fire
./data/fire (305).jpg,fire
./data/fire (306).jpg,fire
./data/fire (307).jpg,fire
./data/fire (308).jpg,fire
./data/fire (309).jpg,fire
./data/fire (31).jpg,fire
./data/fire (310).jpg,fire
./data/fire (311).jpg,fire
./data/fire (312).jpg,fire
./data/fire (313).jpg,fire
./data/fire (314).jpg,fire
./data/fire (315).jpg,fire
./data/fire (316).jpg,fire
./data/fire (317).jpg,fire
./data/fire (318).jpg,fire
./data/fire (319).jpg,fire
./data/fire (32).jpg,fire
./data/fire (320).jpg,fire
./data/fire (321).jpg,fire
./data/fire (322).jpg,fire
./data/fire (323).jpg,fire
./data/fire (324).jpg,fire
./data/fire (325).jpg,fire
./data/fire (326).jpg,fire
./data/fire (327).jpg,fire
./data/fire (328).jpg,fire
./data/fire (329).jpg,fire
./data/fire (33).jpg,fire
./data/fire (330).jpg,fire
./data/fire (331).jpg,fire
./data/fire (332).jpg,fire
./data/fire (333).jpg,fire
./data/fire (334).jpg,fire
./data/fire (335).jpg,fire
./data/fire (336).jpg,fire
./data/fire (337).jpg,fire
./data/fire (338).jpg,fire
./data/fire (339).jpg,fire
./data/fire (34).jpg,fire
./data/fire (340).jpg,fire
./data/fire (341).jpg,fire
./data/fire (342).jpg,fire
./data/fire (343).jpg,fire
./data/fire (344).jpg,fire
./data/fire (345).jpg,fire
./data/fire (346).jpg,fire
./data/fire (347).jpg,fire
./data/fire (348).jpg,fire
./data/fire (349).jpg,fire
./data/fire (35).jpg,fire
./data/fire (350).jpg,fire
./data/fire (351).jpg,fire
./data/fire (352).jpg,fire
./data/fire (353).jpg,fire
./data/fire (354).jpg,fire
./data/fire (355).jpg,fire
./data/fire (356).jpg,fire
./data/fire (357).jpg,fire
./data/fire (358).jpg,fire
./data/fire (359).jpg,fire
./data/fire (36).jpg,fire
./data/fire (360).jpg,fire
./data/fire (361).jpg,fire
./data/fire (362).jpg,fire
./data/fire (363).jpg,fire
./data/fire (364).jpg,fire
./data/fire (365).jpg,fire
./data/fire (366).jpg,fire
./data/fire (367).jpg,fire
./data/fire (368).jpg,fire
./data/fire (369).jpg,fire
./data/fire (37).jpg,fire
./data/fire (370).jpg,fire
./data/fire (371).jpg,fire
./data/fire (372).jpg,fire
./data/fire (373).jpg,fire
./data/fire (374).jpg,fire
./data/fire (375).jpg,fire
./data/fire (376).jpg,fire
./data/fire (377).jpg,fire
./data/fire (378).jpg,fire
./data/fire (379).jpg,fire
./data/fire (38).jpg,fire
./data/fire (380).jpg,fire
./data/fire (381).jpg,fire
./data/fire (382).jpg,fire
./data/fire (383).jpg,fire
./data/fire (384).jpg,fire
./data/fire (385).jpg,fire
./data/fire (386).jpg,fire
./data/fire (387).jpg,fire
./data/fire (388).jpg,fire
./data/fire (389).jpg,fire
./data/fire (39).jpg,fire
./data/fire (390).jpg,fire
./data/fire (391).jpg,fire
./data/fire (392).jpg,fire
./data/fire (393).jpg,fire
./data/fire (394).jpg,fire
./data/fire (395).jpg,fire
./data/fire (396).jpg,fire
./data/fire (397).jpg,fire
./data/fire (398).jpg,fire
./data/fire (399).jpg,fire
./data/fire (4).jpg,fire
./data/fire (40).jpg,fire
./data/fire (400).jpg,fire
./data/fire (401).jpg,fire
./data/fire (402).jpg,fire
./data/fire (403).jpg,fire
./data/fire (404).jpg,fire
./data/fire (405).jpg,fire
./data/fire (406).jpg,fire
./data/fire (407).jpg,fire
./data/fire (408).jpg,fire
./data/fire (409).jpg,fire
./data/fire (41).jpg,fire
./data/fire (410).jpg,fire
./data/fire (411).jpg,fire
./data/fire (412).jpg,fire
./data/fire (413).jpg,fire
./data/fire (414).jpg,fire
./data/fire (415).jpg,fire
./data/fire (416).jpg,fire
./data/fire (417).jpg,fire
./data/fire (418).jpg,fire
./data/fire (419).jpg,fire
./data/fire (42).jpg,fire
./data/fire (420).jpg,fire
./data/fire (421).jpg,fire
./data/fire (422).jpg,fire
./data/fire (423).jpg,fire
./data/fire (424).jpg,fire
./data/fire (425).jpg,fire
./data/fire (426).jpg,fire
./data/fire (427).jpg,fire
./data/fire (428).jpg,fire
./data/fire (429).jpg,fire
./data/fire (43).jpg,fire
./data/fire (430).jpg,fire
./data/fire (431).jpg,fire
./data/fire (432).jpg,fire
./data/fire (433).jpg,fire
./data/fire (434).jpg,fire
./data/fire (435).jpg,fire
./data/fire (436).jpg,fire
./data/fire (437).jpg,fire
./data/fire (438).jpg,fire
./data/fire (439).jpg,fire
./data/fire (44).jpg,fire
./data/fire (440).jpg,fire
./data/fire (441).jpg,fire
./data/fire (442).jpg,fire
./data/fire (443).jpg,fire
./data/fire (444).jpg,fire
./data/fire (445).jpg,fire
./data/fire (446).jpg,fire
./data/fire (447).jpg,fire
./data/fire (448).jpg,fire
./data/fire (449).jpg,fire
./data/fire (45).jpg,fire
./data/fire (450).jpg,fire
./data/fire (451).jpg,fire
./data/fire (452).jpg,fire
./data/fire (453).jpg,fire
./data/fire (454).jpg,fire
./data/fire (455).jpg,fire
./data/fire (456).jpg,fire
./data/fire (457).jpg,fire
./data/fire (458).jpg,fire
./data/fire (459).jpg,fire
./data/fire (46).jpg,fire
./data/fire (460).jpg,fire
./data/fire (461).jpg,fire
./data/fire (462).jpg,fire
./data/fire (463).jpg,fire
./data/fire (464).jpg,fire
./data/fire (465).jpg,fire
./data/fire (466).jpg,fire
./data/fire (467).jpg,fire
./data/fire (468).jpg,fire
./data/fire (469).jpg,fire
./data/fire (47).jpg,fire
./data/fire (470).jpg,fire
./data/fire (471).jpg,fire
./data/fire (472).jpg,fire
./data/fire (473).jpg,fire
./data/fire (474).jpg,fire
./data/fire (475).jpg,fire
./data/fire (476).jpg,fire
./data/fire (477).jpg,fire
./data/fire (478).jpg,fire
./data/fire (479).jpg,fire
./data/fire (48).jpg,fire
./data/fire (480).jpg,fire
./data/fire (481).jpg,fire
./data/fire (482).jpg,fire
./data/fire (483).jpg,fire
./data/fire (484).jpg,fire
./data/fire (485).jpg,fire
./data/fire (486).jpg,fire
./data/fire (487).jpg,fire
./data/fire (488).jpg,fire
./data/fire (489).jpg,fire
./data/fire (49).jpg,fire
./data/fire (490).jpg,fire
./data/fire (491).jpg,fire
./data/fire (492).jpg,fire
./data/fire (493).jpg,fire
./data/fire (494).jpg,fire
./data/fire (495).jpg,fire
./data/fire (496).jpg,fire
./data/fire (497).jpg,fire
./data/fire (498).jpg,fire
./data/fire (499).jpg,fire
./data/fire (5).jpg,fire
./data/fire (50).jpg,fire
./data/fire (500).jpg,fire
./data/fire (501).jpg,fire
./data/fire (502).jpg,fire
./data/fire (503).jpg,fire
./data/fire (504).jpg,fire
./data/fire (505).jpg,fire
./data/fire (506).jpg,fire
./data/fire (507).jpg,fire
./data/fire (508).jpg,fire
./data/fire (509).jpg,fire
./data/fire (51).jpg,fire
./data/fire (510).jpg,fire
./data/fire (511).jpg,fire
./data/fire (512).jpg,fire
./data/fire (513).jpg,fire
./data/fire (514).jpg,fire
./data/fire (515).jpg,fire
./data/fire (516).jpg,fire
./data/fire (517).jpg,fire
./data/fire (518).jpg,fire
./data/fire (519).jpg,fire
./data/fire (52).jpg,fire
./data/fire (520).jpg,fire
./data/fire (521).jpg,fire
./data/fire (522).jpg,fire
./data/fire (523).jpg,fire
./data/fire (524).jpg,fire
./data/fire (525).jpg,fire
./data/fire (526).jpg,fire
./data/fire (527).jpg,fire
./data/fire (528).jpg,fire
./data/fire (529).jpg,fire
./data/fire (53).jpg,fire
./data/fire (530).jpg,fire
./data/fire (531).jpg,fire
./data/fire (532).jpg,fire
./data/fire (533).jpg,fire
./data/fire (534).jpg,fire
./data/fire (535).jpg,fire
./data/fire (536).jpg,fire
./data/fire (537).jpg,fire
./data/fire (538).jpg,fire
./data/fire (539).jpg,fire
./data/fire (54).jpg,fire
./data/fire (540).jpg,fire
./data/fire (541).jpg,fire
./data/fire (542).jpg,fire
./data/fire (543).jpg,fire
./data/fire (544).jpg,fire
./data/fire (545).jpg,fire
./data/fire (546).jpg,fire
./data/fire (547).jpg,fire
./data/fire (548).jpg,fire
./data/fire (549).jpg,fire
./data/fire (55).jpg,fire
./data/fire (550).jpg,fire
./data/fire (551).jpg,fire
./data/fire (552).jpg,fire
./data/fire (553).jpg,fire
./data/fire (554).jpg,fire
./data/fire (555).jpg,fire
./data/fire (556).jpg,fire
./data/fire (557).jpg,fire
./data/fire (558).jpg,fire
./data/fire (559).jpg,fire
./data/fire (56).jpg,fire
./data/fire (560).jpg,fire
./data/fire (561).jpg,fire
./data/fire (562).jpg,fire
./data/fire (563).jpg,fire
./data/fire (564).jpg,fire
./data/fire (565).jpg,fire
./data/fire (566).jpg,fire
./data/fire (567).jpg,fire
./data/fire (568).jpg,fire
./data/fire (569).jpg,fire
./data/fire (57).jpg,fire
./data/fire (570).jpg,fire
./data/fire (571).jpg,fire
./data/fire (572).jpg,fire
./data/fire (573).jpg,fire
./data/fire (574).jpg,fire
./data/fire (575).jpg,fire
./data/fire (576).jpg,fire
./data/fire (577).jpg,fire
./data/fire (578).jpg,fire
./data/fire (579).jpg,fire
./data/fire (58).jpg,fire
./data/fire (580).jpg,fire
./data/fire (581).jpg,fire
./data/fire (582).jpg,fire
./data/fire (583).jpg,fire
./data/fire (584).jpg,fire
./data/fire (585).jpg,fire
./data/fire (586).jpg,fire
./data/fire (587).jpg,fire
./data/fire (588).jpg,fire
./data/fire (589).jpg,fire
./data/fire (59).jpg,fire
./data/fire (590).jpg,fire
./data/fire (591).jpg,fire
./data/fire (592).jpg,fire
./data/fire (593).jpg,fire
./data/fire (594).jpg,fire
./data/fire (595).jpg,fire
./data/fire (596).jpg,fire
./data/fire (597).jpg,fire
./data/fire (598).jpg,fire
./data/fire (599).jpg,fire
./data/fire (6).jpg,fire
./data/fire (60).jpg,fire
./data/fire (600).jpg,fire
./data/fire (601).jpg,fire
./data/fire (602).jpg,fire
./data/fire (603).jpg,fire
./data/fire (604).jpg,fire
./data/fire (605).jpg,fire
./data/fire (606).jpg,fire
./data/fire (607).jpg,fire
./data/fire (608).jpg,fire
./data/fire (609).jpg,fire
./data/fire (61).jpg,fire
./data/fire (610).jpg,fire
./data/fire (611).jpg,fire
./data/fire (612).jpg,fire
./data/fire (613).jpg,fire
./data/fire (614).jpg,fire
./data/fire (615).jpg,fire
./data/fire (616).jpg,fire
./data/fire (617).jpg,fire
./data/fire (618).jpg,fire
./data/fire (619).jpg,fire
./data/fire (62).jpg,fire
./data/fire (620).jpg,fire
./data/fire (621).jpg,fire
./data/fire (622).jpg,fire
./data/fire (623).jpg,fire
./data/fire (624).jpg,fire
./data/fire (625).jpg,fire
./data/fire (626).jpg,fire
./data/fire (627).jpg,fire
./data/fire (628).jpg,fire
./data/fire (629).jpg,fire
./data/fire (63).jpg,fire
./data/fire (630).jpg,fire
./data/fire (631).jpg,fire
./data/fire (632).jpg,fire
./data/fire (633).jpg,fire
./data/fire (634).jpg,fire
./data/fire (635).jpg,fire
./data/fire (636).jpg,fire
./data/fire (637).jpg,fire
./data/fire (638).jpg,fire
./data/fire (639).jpg,fire
./data/fire (64).jpg,fire
./data/fire (640).jpg,fire
./data/fire (641).jpg,fire
./data/fire (642).jpg,fire
./data/fire (643).jpg,fire
./data/fire (644).jpg,fire
./data/fire (645).jpg,fire
./data/fire (646).jpg,fire
./data/fire (647).jpg,fire
./data/fire (648).jpg,fire
./data/fire (649).jpg,fire
./data/fire (65).jpg,fire
./data/fire (650).jpg,fire
./data/fire (651).jpg,fire
./data/fire (652).jpg,fire
./data/fire (653).jpg,fire
./data/fire (654).jpg,fire
./data/fire (655).jpg,fire
./data/fire (656).jpg,fire
./data/fire (657).jpg,fire
./data/fire (658).jpg,fire
./data/fire (659).jpg,fire
./data/fire (66).jpg,fire
./data/fire (660).jpg,fire
./data/fire (661).jpg,fire
./data/fire (662).jpg,fire
./data/fire (663).jpg,fire
./data/fire (664).jpg,fire
./data/fire (665).jpg,fire
./data/fire (666).jpg,fire
./data/fire (667).jpg,fire
./data/fire (668).jpg,fire
./data/fire (669).jpg,fire
./data/fire (67).jpg,fire
./data/fire (670).jpg,fire
./data/fire (671).jpg,fire
./data/fire (672).jpg,fire
./data/fire (673).jpg,fire
./data/fire (674).jpg,fire
./data/fire (675).jpg,fire
./data/fire (676).jpg,fire
./data/fire (677).jpg,fire
./data/fire (678).jpg,fire
./data/fire (679).jpg,fire
./data/fire (68).jpg,fire
./data/fire (680).jpg,fire
./data/fire (681).jpg,fire
./data/fire (682).jpg,fire
./data/fire (683).jpg,fire
./data/fire (684).jpg,fire
./data/fire (685).jpg,fire
./data/fire (686).jpg,fire
./data/fire (687).jpg,fire
./data/fire (688).jpg,fire
./data/fire (689).jpg,fire
./data/fire (69).jpg,fire
./data/fire (690).jpg,fire
./data/fire (691).jpg,fire
./data/fire (692).jpg,fire
./data/fire (693).jpg,fire
./data/fire (694).jpg,fire
./data/fire (695).jpg,fire
./data/fire (696).jpg,fire
./data/fire (697).jpg,fire
./data/fire (698).jpg,fire
./data/fire (699).jpg,fire
./data/fire (7).jpg,fire
./data/fire (70).jpg,fire
./data/fire (700).jpg,fire
./data/fire (701).jpg,fire
./data/fire (702).jpg,fire
./data/fire (703).jpg,fire
./data/fire (704).jpg,fire
./data/fire (705).jpg,fire
./data/fire (706).jpg,fire
./data/fire (707).jpg,fire
./data/fire (708).jpg,fire
./data/fire (709).jpg,fire
./data/fire (71).jpg,fire
./data/fire (710).jpg,fire
./data/fire (711).jpg,fire
./data/fire (712).jpg,fire
./data/fire (713).jpg,fire
./data/fire (714).jpg,fire
./data/fire (715).jpg,fire
./data/fire (716).jpg,fire
./data/fire (717).jpg,fire
./data/fire (718).jpg,fire
./data/fire (719).jpg,fire
./data/fire (72).jpg,fire
./data/fire (720).jpg,fire
./data/fire (721).jpg,fire
./data/fire (722).jpg,fire
./data/fire (723).jpg,fire
./data/fire (724).jpg,fire
./data/fire (725).jpg,fire
./data/fire (726).jpg,fire
./data/fire (727).jpg,fire
./data/fire (728).jpg,fire
./data/fire (729).jpg,fire
./data/fire (73).jpg,fire
./data/fire (730).jpg,fire
./data/fire (731).jpg,fire
./data/fire (732).jpg,fire
./data/fire (733).jpg,fire
./data/fire (734).jpg,fire
./data/fire (735).jpg,fire
./data/fire (736).jpg,fire
./data/fire (737).jpg,fire
./data/fire (738).jpg,fire
./data/fire (739).jpg,fire
./data/fire (74).jpg,fire
./data/fire (740).jpg,fire
./data/fire (741).jpg,fire
./data/fire (742).jpg,fire
./data/fire (743).jpg,fire
./data/fire (744).jpg,fire
./data/fire (745).jpg,fire
./data/fire (746).jpg,fire
./data/fire (747).jpg,fire
./data/fire (748).jpg,fire
./data/fire (749).jpg,fire
./data/fire (75).jpg,fire
./data/fire (750).jpg,fire
./data/fire (751).jpg,fire
./data/fire (752).jpg,fire
./data/fire (753).jpg,fire
./data/fire (754).jpg,fire
./data/fire (755).jpg,fire
./data/fire (756).jpg,fire
./data/fire (757).jpg,fire
./data/fire (758).jpg,fire
./data/fire (759).jpg,fire
./data/fire (76).jpg,fire
./data/fire (760).jpg,fire
./data/fire (761).jpg,fire
./data/fire (762).jpg,fire
./data/fire (763).jpg,fire
./data/fire (764).jpg,fire
./data/fire (765).jpg,fire
./data/fire (766).jpg,fire
./data/fire (767).jpg,fire
./data/fire (768).jpg,fire
./data/fire (769).jpg,fire
./data/fire (77).jpg,fire
./data/fire (770).jpg,fire
./data/fire (771).jpg,fire
./data/fire (772).jpg,fire
./data/fire (773).jpg,fire
./data/fire (774).jpg,fire
./data/fire (775).jpg,fire
./data/fire (776).jpg,fire
./data/fire (777).jpg,fire
./data/fire (778).jpg,fire
./data/fire (779).jpg,fire
./data/fire (78).jpg,fire
./data/fire (780).jpg,fire
./data/fire (781).jpg,fire
./data/fire (782).jpg,fire
./data/fire (783).jpg,fire
./data/fire (784).jpg,fire
./data/fire (785).jpg,fire
./data/fire (786).jpg,fire
./data/fire (787).jpg,fire
./data/fire (788).jpg,fire
./data/fire (789).jpg,fire
./data/fire (79).jpg,fire
./data/fire (790).jpg,fire
./data/fire (791).jpg,fire
./data/fire (792).jpg,fire
./data/fire (793).jpg,fire
./data/fire (794).jpg,fire
./data/fire (795).jpg,fire
./data/fire (796).jpg,fire
./data/fire (797).jpg,fire
./data/fire (798).jpg,fire
./data/fire (799).jpg,fire
./data/fire (8).jpg,fire
./data/fire (80).jpg,fire
./data/fire (800).jpg,fire
./data/fire (801).jpg,fire
./data/fire (802).jpg,fire
./data/fire (803).jpg,fire
./data/fire (804).jpg,fire
./data/fire (805).jpg,fire
./data/fire (806).jpg,fire
./data/fire (807).jpg,fire
./data/fire (808).jpg,fire
./data/fire (809).jpg,fire
./data/fire (81).jpg,fire
./data/fire (810).jpg,fire
./data/fire (811).jpg,fire
./data/fire (812).jpg,fire
./data/fire (813).jpg,fire
./data/fire (814).jpg,fire
./data/fire (815).jpg,fire
./data/fire (816).jpg,fire
./data/fire (817).jpg,fire
./data/fire (818).jpg,fire
./data/fire (819).jpg,fire
./data/fire (82).jpg,fire
./data/fire (820).jpg,fire
./data/fire (821).jpg,fire
./data/fire (822).jpg,fire
./data/fire (823).jpg,fire
./data/fire (824).jpg,fire
./data/fire (825).jpg,fire
./data/fire (826).jpg,fire
./data/fire (827).jpg,fire
./data/fire (828).jpg,fire
./data/fire (829).jpg,fire
./data/fire (83).jpg,fire
./data/fire (830).jpg,fire
./data/fire (831).jpg,fire
./data/fire (832).jpg,fire
./data/fire (833).jpg,fire
./data/fire (834).jpg,fire
./data/fire (835).jpg,fire
./data/fire (836).jpg,fire
./data/fire (837).jpg,fire
./data/fire (838).jpg,fire
./data/fire (839).jpg,fire
./data/fire (84).jpg,fire
./data/fire (840).jpg,fire
./data/fire (841).jpg,fire
./data/fire (842).jpg,fire
./data/fire (843).jpg,fire
./data/fire (844).jpg,fire
./data/fire (845).jpg,fire
./data/fire (846).jpg,fire
./data/fire (847).jpg,fire
./data/fire (848).jpg,fire
./data/fire (849).jpg,fire
./data/fire (85).jpg,fire
./data/fire (850).jpg,fire
./data/fire (851).jpg,fire
./data/fire (852).jpg,fire
./data/fire (853).jpg,fire
./data/fire (854).jpg,fire
./data/fire (855).jpg,fire
./data/fire (856).jpg,fire
./data/fire (857).jpg,fire
./data/fire (858).jpg,fire
./data/fire (859).jpg,fire
./data/fire (86).jpg,fire
./data/fire (860).jpg,fire
./data/fire (861).jpg,fire
./data/fire (862).jpg,fire
./data/fire (863).jpg,fire
./data/fire (864).jpg,fire
./data/fire (865).jpg,fire
./data/fire (866).jpg,fire
./data/fire (867).jpg,fire
./data/fire (868).jpg,fire
./data/fire (869).jpg,fire
./data/fire (87).jpg,fire
./data/fire (870).jpg,fire
./data/fire (871).jpg,fire
./data/fire (872).jpg,fire
./data/fire (873).jpg,fire
./data/fire (874).jpg,fire
./data/fire (875).jpg,fire
./data/fire (876).jpg,fire
./data/fire (877).jpg,fire
./data/fire (878).jpg,fire
./data/fire (879).jpg,fire
./data/fire (88).jpg,fire
./data/fire (880).jpg,fire
./data/fire (881).jpg,fire
./data/fire (882).jpg,fire
./data/fire (883).jpg,fire
./data/fire (884).jpg,fire
./data/fire (885).jpg,fire
./data/fire (886).jpg,fire
./data/fire (887).jpg,fire
./data/fire (888).jpg,fire
./data/fire (889).jpg,fire
./data/fire (89).jpg,fire
./data/fire (890).jpg,fire
./data/fire (891).jpg,fire
./data/fire (892).jpg,fire
./data/fire (893).jpg,fire
./data/fire (894).jpg,fire
./data/fire (895).jpg,fire
./data/fire (896).jpg,fire
./data/fire (897).jpg,fire
./data/fire (898).jpg,fire
./data/fire (899).jpg,fire
./data/fire (9).jpg,fire
./data/fire (90).jpg,fire
./data/fire (900).jpg,fire
./data/fire (901).jpg,fire
./data/fire (902).jpg,fire
./data/fire (903).jpg,fire
./data/fire (904).jpg,fire
./data/fire (905).jpg,fire
./data/fire (906).jpg,fire
./data/fire (907).jpg,fire
./data/fire (908).jpg,fire
./data/fire (909).jpg,fire
./data/fire (91).jpg,fire
./data/fire (910).jpg,fire
./data/fire (911).jpg,fire
./data/fire (912).jpg,fire
./data/fire (913).jpg,fire
./data/fire (914).jpg,fire
./data/fire (915).jpg,fire
./data/fire (916).jpg,fire
./data/fire (917).jpg,fire
./data/fire (918).jpg,fire
./data/fire (919).jpg,fire
./data/fire (92).jpg,fire
./data/fire (920).jpg,fire
./data/fire (921).jpg,fire
./data/fire (922).jpg,fire
./data/fire (923).jpg,fire
./data/fire (924).jpg,fire
./data/fire (925).jpg,fire
./data/fire (926).jpg,fire
./data/fire (927).jpg,fire
./data/fire (928).jpg,fire
./data/fire (929).jpg,fire
./data/fire (93).jpg,fire
./data/fire (930).jpg,fire
./data/fire (931).jpg,fire
./data/fire (932).jpg,fire
./data/fire (933).jpg,fire
./data/fire (934).jpg,fire
./data/fire (935).jpg,fire
./data/fire (936).jpg,fire
./data/fire (937).jpg,fire
./data/fire (938).jpg,fire
./data/fire (939).jpg,fire
./data/fire (94).jpg,fire
./data/fire (940).jpg,fire
./data/fire (941).jpg,fire
./data/fire (942).jpg,fire
./data/fire (943).jpg,fire
./data/fire (944).jpg,fire
./data/fire (945).jpg,fire
./data/fire (946).jpg,fire
./data/fire (947).jpg,fire
./data/fire (948).jpg,fire
./data/fire (949).jpg,fire
./data/fire (95).jpg,fire
./data/fire (950).jpg,fire
./data/fire (96).jpg,fire
./data/fire (97).jpg,fire
./data/fire (98).jpg,fire
./data/fire (99).jpg,fire
./data/nofire (1).jpg,no_fire
./data/nofire (10).jpg,no_fire
./data/nofire (100).jpg,no_fire
./data/nofire (101).jpg,no_fire
./data/nofire (102).jpg,no_fire
./data/nofire (103).jpg,no_fire
./data/nofire (104).jpg,no_fire
./data/nofire (105).jpg,no_fire
./data/nofire (106).jpg,no_fire
./data/nofire (107).jpg,no_fire
./data/nofire (108).jpg,no_fire
./data/nofire (109).jpg,no_fire
./data/nofire (11).jpg,no_fire
./data/nofire (110).jpg,no_fire
./data/nofire (111).jpg,no_fire
./data/nofire (112).jpg,no_fire
./data/nofire (113).jpg,no_fire
./data/nofire (114).jpg,no_fire
./data/nofire (115).jpg,no_fire
./data/nofire (116).jpg,no_fire
./data/nofire (117).jpg,no_fire
./data/nofire (118).jpg,no_fire
./data/nofire (119).jpg,no_fire
./data/nofire (12).jpg,no_fire
./data/nofire (120).jpg,no_fire
./data/nofire (121).jpg,no_fire
./data/nofire (122).jpg,no_fire
./data/nofire (123).jpg,no_fire
./data/nofire (124).jpg,no_fire
./data/nofire (125).jpg,no_fire
./data/nofire (126).jpg,no_fire
./data/nofire (127).jpg,no_fire
./data/nofire (128).jpg,no_fire
./data/nofire (129).jpg,no_fire
./data/nofire (13).jpg,no_fire
./data/nofire (130).jpg,no_fire
./data/nofire (131).jpg,no_fire
./data/nofire (132).jpg,no_fire
./data/nofire (133).jpg,no_fire
./data/nofire (134).jpg,no_fire
./data/nofire (135).jpg,no_fire
./data/nofire (136).jpg,no_fire
./data/nofire (137).jpg,no_fire
./data/nofire (138).jpg,no_fire
./data/nofire (139).jpg,no_fire
./data/nofire (14).jpg,no_fire
./data/nofire (140).jpg,no_fire
./data/nofire (141).jpg,no_fire
./data/nofire (142).jpg,no_fire
./data/nofire (143).jpg,no_fire
./data/nofire (144).jpg,no_fire
./data/nofire (145).jpg,no_fire
./data/nofire (146).jpg,no_fire
./data/nofire (147).jpg,no_fire
./data/nofire (148).jpg,no_fire
./data/nofire (149).jpg,no_fire
./data/nofire (15).jpg,no_fire
./data/nofire (150).jpg,no_fire
./data/nofire (151).jpg,no_fire
./data/nofire (152).jpg,no_fire
./data/nofire (153).jpg,no_fire
./data/nofire (154).jpg,no_fire
./data/nofire (155).jpg,no_fire
./data/nofire (156).jpg,no_fire
./data/nofire (157).jpg,no_fire
./data/nofire (158).jpg,no_fire
./data/nofire (159).jpg,no_fire
./data/nofire (16).jpg,no_fire
./data/nofire (160).jpg,no_fire
./data/nofire (161).jpg,no_fire
./data/nofire (162).jpg,no_fire
./data/nofire (163).jpg,no_fire
./data/nofire (164).jpg,no_fire
./data/nofire (165).jpg,no_fire
./data/nofire (166).jpg,no_fire
./data/nofire (167).jpg,no_fire
./data/nofire (168).jpg,no_fire
./data/nofire (169).jpg,no_fire
./data/nofire (17).jpg,no_fire
./data/nofire (170).jpg,no_fire
./data/nofire (171).jpg,no_fire
./data/nofire (172).jpg,no_fire
./data/nofire (173).jpg,no_fire
./data/nofire (174).jpg,no_fire
./data/nofire (175).jpg,no_fire
./data/nofire (176).jpg,no_fire
./data/nofire (177).jpg,no_fire
./data/nofire (178).jpg,no_fire
./data/nofire (179).jpg,no_fire
./data/nofire (18).jpg,no_fire
./data/nofire (180).jpg,no_fire
./data/nofire (181).jpg,no_fire
./data/nofire (182).jpg,no_fire
./data/nofire (183).jpg,no_fire
./data/nofire (184).jpg,no_fire
./data/nofire (185).jpg,no_fire
./data/nofire (186).jpg,no_fire
./data/nofire (187).jpg,no_fire
./data/nofire (188).jpg,no_fire
./data/nofire (189).jpg,no_fire
./data/nofire (19).jpg,no_fire
./data/nofire (190).jpg,no_fire
./data/nofire (191).jpg,no_fire
./data/nofire (192).jpg,no_fire
./data/nofire (193).jpg,no_fire
./data/nofire (194).jpg,no_fire
./data/nofire (195).jpg,no_fire
./data/nofire (196).jpg,no_fire
./data/nofire (197).jpg,no_fire
./data/nofire (198).jpg,no_fire
./data/nofire (199).jpg,no_fire
./data/nofire (2).jpg,no_fire
./data/nofire (20).jpg,no_fire
./data/nofire (200).jpg,no_fire
./data/nofire (201).jpg,no_fire
./data/nofire (202).jpg,no_fire
./data/nofire (203).jpg,no_fire
./data/nofire (204).jpg,no_fire
./data/nofire (205).jpg,no_fire
./data/nofire (206).jpg,no_fire
./data/nofire (207).jpg,no_fire
./data/nofire (208).jpg,no_fire
./data/nofire (209).jpg,no_fire
./data/nofire (21).jpg,no_fire
./data/nofire (210).jpg,no_fire
./data/nofire (211).jpg,no_fire
./data/nofire (212).jpg,no_fire
./data/nofire (213).jpg,no_fire
./data/nofire (214).jpg,no_fire
./data/nofire (215).jpg,no_fire
./data/nofire (216).jpg,no_fire
./data/nofire (217).jpg,no_fire
./data/nofire (218).jpg,no_fire
./data/nofire (219).jpg,no_fire
./data/nofire (22).jpg,no_fire
./data/nofire (220).jpg,no_fire
./data/nofire (221).jpg,no_fire
./data/nofire (222).jpg,no_fire
./data/nofire (223).jpg,no_fire
./data/nofire (224).jpg,no_fire
./data/nofire (225).jpg,no_fire
./data/nofire (226).jpg,no_fire
./data/nofire (227).jpg,no_fire
./data/nofire (228).jpg,no_fire
./data/nofire (229).jpg,no_fire
./data/nofire (23).jpg,no_fire
./data/nofire (230).jpg,no_fire
./data/nofire (231).jpg,no_fire
./data/nofire (232).jpg,no_fire
./data/nofire (233).jpg,no_fire
./data/nofire (234).jpg,no_fire
./data/nofire (235).jpg,no_fire
./data/nofire (236).jpg,no_fire
./data/nofire (237).jpg,no_fire
./data/nofire (238).jpg,no_fire
./data/nofire (239).jpg,no_fire
./data/nofire (24).jpg,no_fire
./data/nofire (240).jpg,no_fire
./data/nofire (241).jpg,no_fire
./data/nofire (242).jpg,no_fire
./data/nofire (243).jpg,no_fire
./data/nofire (244).jpg,no_fire
./data/nofire (245).jpg,no_fire
./data/nofire (246).jpg,no_fire
./data/nofire (247).jpg,no_fire
./data/nofire (248).jpg,no_fire
./data/nofire (249).jpg,no_fire
./data/nofire (25).jpg,no_fire
./data/nofire (250).jpg,no_fire
./data/nofire (251).jpg,no_fire
./data/nofire (252).jpg,no_fire
./data/nofire (253).jpg,no_fire
./data/nofire (254).jpg,no_fire
./data/nofire (255).jpg,no_fire
./data/nofire (256).jpg,no_fire
./data/nofire (257).jpg,no_fire
./data/nofire (258).jpg,no_fire
./data/nofire (259).jpg,no_fire
./data/nofire (26).jpg,no_fire
./data/nofire (260).jpg,no_fire
./data/nofire (261).jpg,no_fire
./data/nofire (262).jpg,no_fire
./data/nofire (263).jpg,no_fire
./data/nofire (264).jpg,no_fire
./data/nofire (265).jpg,no_fire
./data/nofire (266).jpg,no_fire
./data/nofire (267).jpg,no_fire
./data/nofire (268).jpg,no_fire
./data/nofire (269).jpg,no_fire
./data/nofire (27).jpg,no_fire
./data/nofire (270).jpg,no_fire
./data/nofire (271).jpg,no_fire
./data/nofire (272).jpg,no_fire
./data/nofire (273).jpg,no_fire
./data/nofire (274).jpg,no_fire
./data/nofire (275).jpg,no_fire
./data/nofire (276).jpg,no_fire
./data/nofire (277).jpg,no_fire
./data/nofire (278).jpg,no_fire
./data/nofire (279).jpg,no_fire
./data/nofire (28).jpg,no_fire
./data/nofire (280).jpg,no_fire
./data/nofire (281).jpg,no_fire
./data/nofire (282).jpg,no_fire
./data/nofire (283).jpg,no_fire
./data/nofire (284).jpg,no_fire
./data/nofire (285).jpg,no_fire
./data/nofire (286).jpg,no_fire
./data/nofire (287).jpg,no_fire
./data/nofire (288).jpg,no_fire
./data/nofire (289).jpg,no_fire
./data/nofire (29).jpg,no_fire
./data/nofire (290).jpg,no_fire
./data/nofire (291).jpg,no_fire
./data/nofire (292).jpg,no_fire
./data/nofire (293).jpg,no_fire
./data/nofire (294).jpg,no_fire
./data/nofire (295).jpg,no_fire
./data/nofire (296).jpg,no_fire
./data/nofire (297).jpg,no_fire
./data/nofire (298).jpg,no_fire
./data/nofire (299).jpg,no_fire
./data/nofire (3).jpg,no_fire
./data/nofire (30).jpg,no_fire
./data/nofire (300).jpg,no_fire
./data/nofire (301).jpg,no_fire
./data/nofire (302).jpg,no_fire
./data/nofire (303).jpg,no_fire
./data/nofire (304).jpg,no_fire
./data/nofire (305).jpg,no_fire
./data/nofire (306).jpg,no_fire
./data/nofire (307).jpg,no_fire
./data/nofire (308).jpg,no_fire
./data/nofire (309).jpg,no_fire
./data/nofire (31).jpg,no_fire
./data/nofire (310).jpg,no_fire
./data/nofire (311).jpg,no_fire
./data/nofire (312).jpg,no_fire
./data/nofire (313).jpg,no_fire
./data/nofire (314).jpg,no_fire
./data/nofire (315).jpg,no_fire
./data/nofire (316).jpg,no_fire
./data/nofire (317).jpg,no_fire
./data/nofire (318).jpg,no_fire
./data/nofire (319).jpg,no_fire
./data/nofire (32).jpg,no_fire
./data/nofire (320).jpg,no_fire
./data/nofire (321).jpg,no_fire
./data/nofire (322).jpg,no_fire
./data/nofire (323).jpg,no_fire
./data/nofire (324).jpg,no_fire
./data/nofire (325).jpg,no_fire
./data/nofire (326).jpg,no_fire
./data/nofire (327).jpg,no_fire
./data/nofire (328).jpg,no_fire
./data/nofire (329).jpg,no_fire
./data/nofire (33).jpg,no_fire
./data/nofire (330).jpg,no_fire
./data/nofire (331).jpg,no_fire
./data/nofire (332).jpg,no_fire
./data/nofire (333).jpg,no_fire
./data/nofire (334).jpg,no_fire
./data/nofire (335).jpg,no_fire
./data/nofire (336).jpg,no_fire
./data/nofire (337).jpg,no_fire
./data/nofire (338).jpg,no_fire
./data/nofire (339).jpg,no_fire
./data/nofire (34).jpg,no_fire
./data/nofire (340).jpg,no_fire
./data/nofire (341).jpg,no_fire
./data/nofire (342).jpg,no_fire
./data/nofire (343).jpg,no_fire
./data/nofire (344).jpg,no_fire
./data/nofire (345).jpg,no_fire
./data/nofire (346).jpg,no_fire
./data/nofire (347).jpg,no_fire
./data/nofire (348).jpg,no_fire
./data/nofire (349).jpg,no_fire
./data/nofire (35).jpg,no_fire
./data/nofire (350).jpg,no_fire
./data/nofire (351).jpg,no_fire
./data/nofire (352).jpg,no_fire
./data/nofire (353).jpg,no_fire
./data/nofire (354).jpg,no_fire
./data/nofire (355).jpg,no_fire
./data/nofire (356).jpg,no_fire
./data/nofire (357).jpg,no_fire
./data/nofire (358).jpg,no_fire
./data/nofire (359).jpg,no_fire
./data/nofire (36).jpg,no_fire
./data/nofire (360).jpg,no_fire
./data/nofire (361).jpg,no_fire
./data/nofire (362).jpg,no_fire
./data/nofire (363).jpg,no_fire
./data/nofire (364).jpg,no_fire
./data/nofire (365).jpg,no_fire
./data/nofire (366).jpg,no_fire
./data/nofire (367).jpg,no_fire
./data/nofire (368).jpg,no_fire
./data/nofire (369).jpg,no_fire
./data/nofire (37).jpg,no_fire
./data/nofire (370).jpg,no_fire
./data/nofire (371).jpg,no_fire
./data/nofire (372).jpg,no_fire
./data/nofire (373).jpg,no_fire
./data/nofire (374).jpg,no_fire
./data/nofire (375).jpg,no_fire
./data/nofire (376).jpg,no_fire
./data/nofire (377).jpg,no_fire
./data/nofire (378).jpg,no_fire
./data/nofire (379).jpg,no_fire
./data/nofire (38).jpg,no_fire
./data/nofire (380).jpg,no_fire
./data/nofire (381).jpg,no_fire
./data/nofire (382).jpg,no_fire
./data/nofire (383).jpg,no_fire
./data/nofire (384).jpg,no_fire
./data/nofire (385).jpg,no_fire
./data/nofire (386).jpg,no_fire
./data/nofire (387).jpg,no_fire
./data/nofire (388).jpg,no_fire
./data/nofire (389).jpg,no_fire
./data/nofire (39).jpg,no_fire
./data/nofire (390).jpg,no_fire
./data/nofire (391).jpg,no_fire
./data/nofire (392).jpg,no_fire
./data/nofire (393).jpg,no_fire
./data/nofire (394).jpg,no_fire
./data/nofire (395).jpg,no_fire
./data/nofire (396).jpg,no_fire
./data/nofire (397).jpg,no_fire
./data/nofire (398).jpg,no_fire
./data/nofire (399).jpg,no_fire
./data/nofire (4).jpg,no_fire
./data/nofire (40).jpg,no_fire
./data/nofire (400).jpg,no_fire
./data/nofire (401).jpg,no_fire
./data/nofire (402).jpg,no_fire
./data/nofire (403).jpg,no_fire
./data/nofire (404).jpg,no_fire
./data/nofire (405).jpg,no_fire
./data/nofire (406).jpg,no_fire
./data/nofire (407).jpg,no_fire
./data/nofire (408).jpg,no_fire
./data/nofire (409).jpg,no_fire
./data/nofire (41).jpg,no_fire
./data/nofire (410).jpg,no_fire
./data/nofire (411).jpg,no_fire
./data/nofire (412).jpg,no_fire
./data/nofire (413).jpg,no_fire
./data/nofire (414).jpg,no_fire
./data/nofire (415).jpg,no_fire
./data/nofire (416).jpg,no_fire
./data/nofire (417).jpg,no_fire
./data/nofire (418).jpg,no_fire
./data/nofire (419).jpg,no_fire
./data/nofire (42).jpg,no_fire
./data/nofire (420).jpg,no_fire
./data/nofire (421).jpg,no_fire
./data/nofire (422).jpg,no_fire
./data/nofire (423).jpg,no_fire
./data/nofire (424).jpg,no_fire
./data/nofire (425).jpg,no_fire
./data/nofire (426).jpg,no_fire
./data/nofire (427).jpg,no_fire
./data/nofire (428).jpg,no_fire
./data/nofire (429).jpg,no_fire
./data/nofire (43).jpg,no_fire
./data/nofire (430).jpg,no_fire
./data/nofire (431).jpg,no_fire
./data/nofire (432).jpg,no_fire
./data/nofire (433).jpg,no_fire
./data/nofire (434).jpg,no_fire
./data/nofire (435).jpg,no_fire
./data/nofire (436).jpg,no_fire
./data/nofire (437).jpg,no_fire
./data/nofire (438).jpg,no_fire
./data/nofire (439).jpg,no_fire
./data/nofire (44).jpg,no_fire
./data/nofire (440).jpg,no_fire
./data/nofire (441).jpg,no_fire
./data/nofire (442).jpg,no_fire
./data/nofire (443).jpg,no_fire
./data/nofire (444).jpg,no_fire
./data/nofire (445).jpg,no_fire
./data/nofire (446).jpg,no_fire
./data/nofire (447).jpg,no_fire
./data/nofire (448).jpg,no_fire
./data/nofire (449).jpg,no_fire
./data/nofire (45).jpg,no_fire
./data/nofire (450).jpg,no_fire
./data/nofire (451).jpg,no_fire
./data/nofire (452).jpg,no_fire
./data/nofire (453).jpg,no_fire
./data/nofire (454).jpg,no_fire
./data/nofire (455).jpg,no_fire
./data/nofire (456).jpg,no_fire
./data/nofire (457).jpg,no_fire
./data/nofire (458).jpg,no_fire
./data/nofire (459).jpg,no_fire
./data/nofire (46).jpg,no_fire
./data/nofire (460).jpg,no_fire
./data/nofire (461).jpg,no_fire
./data/nofire (462).jpg,no_fire
./data/nofire (463).jpg,no_fire
./data/nofire (464).jpg,no_fire
./data/nofire (465).jpg,no_fire
./data/nofire (466).jpg,no_fire
./data/nofire (467).jpg,no_fire
./data/nofire (468).jpg,no_fire
./data/nofire (469).jpg,no_fire
./data/nofire (47).jpg,no_fire
./data/nofire (470).jpg,no_fire
./data/nofire (471).jpg,no_fire
./data/nofire (472).jpg,no_fire
./data/nofire (473).jpg,no_fire
./data/nofire (474).jpg,no_fire
./data/nofire (475).jpg,no_fire
./data/nofire (476).jpg,no_fire
./data/nofire (477).jpg,no_fire
./data/nofire (478).jpg,no_fire
./data/nofire (479).jpg,no_fire
./data/nofire (48).jpg,no_fire
./data/nofire (480).jpg,no_fire
./data/nofire (481).jpg,no_fire
./data/nofire (482).jpg,no_fire
./data/nofire (483).jpg,no_fire
./data/nofire (484).jpg,no_fire
./data/nofire (485).jpg,no_fire
./data/nofire (486).jpg,no_fire
./data/nofire (487).jpg,no_fire
./data/nofire (488).jpg,no_fire
./data/nofire (489).jpg,no_fire
./data/nofire (49).jpg,no_fire
./data/nofire (490).jpg,no_fire
./data/nofire (491).jpg,no_fire
./data/nofire (492).jpg,no_fire
./data/nofire (493).jpg,no_fire
./data/nofire (494).jpg,no_fire
./data/nofire (495).jpg,no_fire
./data/nofire (496).jpg,no_fire
./data/nofire (497).jpg,no_fire
./data/nofire (498).jpg,no_fire
./data/nofire (499).jpg,no_fire
./data/nofire (5).jpg,no_fire
./data/nofire (50).jpg,no_fire
./data/nofire (500).jpg,no_fire
./data/nofire (501).jpg,no_fire
./data/nofire (502).jpg,no_fire
./data/nofire (503).jpg,no_fire
./data/nofire (504).jpg,no_fire
./data/nofire (505).jpg,no_fire
./data/nofire (506).jpg,no_fire
./data/nofire (507).jpg,no_fire
./data/nofire (508).jpg,no_fire
./data/nofire (509).jpg,no_fire
./data/nofire (51).jpg,no_fire
./data/nofire (510).jpg,no_fire
./data/nofire (511).jpg,no_fire
./data/nofire (512).jpg,no_fire
./data/nofire (513).jpg,no_fire
./data/nofire (514).jpg,no_fire
./data/nofire (515).jpg,no_fire
./data/nofire (516).jpg,no_fire
./data/nofire (517).jpg,no_fire
./data/nofire (518).jpg,no_fire
./data/nofire (519).jpg,no_fire
./data/nofire (52).jpg,no_fire
./data/nofire (520).jpg,no_fire
./data/nofire (521).jpg,no_fire
./data/nofire (522).jpg,no_fire
./data/nofire (523).jpg,no_fire
./data/nofire (524).jpg,no_fire
./data/nofire (525).jpg,no_fire
./data/nofire (526).jpg,no_fire
./data/nofire (527).jpg,no_fire
./data/nofire (528).jpg,no_fire
./data/nofire (529).jpg,no_fire
./data/nofire (53).jpg,no_fire
./data/nofire (530).jpg,no_fire
./data/nofire (531).jpg,no_fire
./data/nofire (532).jpg,no_fire
./data/nofire (533).jpg,no_fire
./data/nofire (534).jpg,no_fire
./data/nofire (535).jpg,no_fire
./data/nofire (536).jpg,no_fire
./data/nofire (537).jpg,no_fire
./data/nofire (538).jpg,no_fire
./data/nofire (539).jpg,no_fire
./data/nofire (54).jpg,no_fire
./data/nofire (540).jpg,no_fire
./data/nofire (541).jpg,no_fire
./data/nofire (542).jpg,no_fire
./data/nofire (543).jpg,no_fire
./data/nofire (544).jpg,no_fire
./data/nofire (545).jpg,no_fire
./data/nofire (546).jpg,no_fire
./data/nofire (547).jpg,no_fire
./data/nofire (548).jpg,no_fire
./data/nofire (549).jpg,no_fire
./data/nofire (55).jpg,no_fire
./data/nofire (550).jpg,no_fire
./data/nofire (551).jpg,no_fire
./data/nofire (552).jpg,no_fire
./data/nofire (553).jpg,no_fire
./data/nofire (554).jpg,no_fire
./data/nofire (555).jpg,no_fire
./data/nofire (556).jpg,no_fire
./data/nofire (557).jpg,no_fire
./data/nofire (558).jpg,no_fire
./data/nofire (559).jpg,no_fire
./data/nofire (56).jpg,no_fire
./data/nofire (560).jpg,no_fire
./data/nofire (561).jpg,no_fire
./data/nofire (562).jpg,no_fire
./data/nofire (563).jpg,no_fire
./data/nofire (564).jpg,no_fire
./data/nofire (565).jpg,no_fire
./data/nofire (566).jpg,no_fire
./data/nofire (567).jpg,no_fire
./data/nofire (568).jpg,no_fire
./data/nofire (569).jpg,no_fire
./data/nofire (57).jpg,no_fire
./data/nofire (570).jpg,no_fire
./data/nofire (571).jpg,no_fire
./data/nofire (572).jpg,no_fire
./data/nofire (573).jpg,no_fire
./data/nofire (574).jpg,no_fire
./data/nofire (575).jpg,no_fire
./data/nofire (576).jpg,no_fire
./data/nofire (577).jpg,no_fire
./data/nofire (578).jpg,no_fire
./data/nofire (579).jpg,no_fire
./data/nofire (58).jpg,no_fire
./data/nofire (580).jpg,no_fire
./data/nofire (581).jpg,no_fire
./data/nofire (582).jpg,no_fire
./data/nofire (583).jpg,no_fire
./data/nofire (584).jpg,no_fire
./data/nofire (585).jpg,no_fire
./data/nofire (586).jpg,no_fire
./data/nofire (587).jpg,no_fire
./data/nofire (588).jpg,no_fire
./data/nofire (589).jpg,no_fire
./data/nofire (59).jpg,no_fire
./data/nofire (590).jpg,no_fire
./data/nofire (591).jpg,no_fire
./data/nofire (592).jpg,no_fire
./data/nofire (593).jpg,no_fire
./data/nofire (594).jpg,no_fire
./data/nofire (595).jpg,no_fire
./data/nofire (596).jpg,no_fire
./data/nofire (597).jpg,no_fire
./data/nofire (598).jpg,no_fire
./data/nofire (599).jpg,no_fire
./data/nofire (6).jpg,no_fire
./data/nofire (60).jpg,no_fire
./data/nofire (600).jpg,no_fire
./data/nofire (601).jpg,no_fire
./data/nofire (602).jpg,no_fire
./data/nofire (603).jpg,no_fire
./data/nofire (604).jpg,no_fire
./data/nofire (605).jpg,no_fire
./data/nofire (606).jpg,no_fire
./data/nofire (607).jpg,no_fire
./data/nofire (608).jpg,no_fire
./data/nofire (609).jpg,no_fire
./data/nofire (61).jpg,no_fire
./data/nofire (610).jpg,no_fire
./data/nofire (611).jpg,no_fire
./data/nofire (612).jpg,no_fire
./data/nofire (613).jpg,no_fire
./data/nofire (614).jpg,no_fire
./data/nofire (615).jpg,no_fire
./data/nofire (616).jpg,no_fire
./data/nofire (617).jpg,no_fire
./data/nofire (618).jpg,no_fire
./data/nofire (619).jpg,no_fire
./data/nofire (62).jpg,no_fire
./data/nofire (620).jpg,no_fire
./data/nofire (621).jpg,no_fire
./data/nofire (622).jpg,no_fire
./data/nofire (623).jpg,no_fire
./data/nofire (624).jpg,no_fire
./data/nofire (625).jpg,no_fire
./data/nofire (626).jpg,no_fire
./data/nofire (627).jpg,no_fire
./data/nofire (628).jpg,no_fire
./data/nofire (629).jpg,no_fire
./data/nofire (63).jpg,no_fire
./data/nofire (630).jpg,no_fire
./data/nofire (631).jpg,no_fire
./data/nofire (632).jpg,no_fire
./data/nofire (633).jpg,no_fire
./data/nofire (634).jpg,no_fire
./data/nofire (635).jpg,no_fire
./data/nofire (636).jpg,no_fire
./data/nofire (637).jpg,no_fire
./data/nofire (638).jpg,no_fire
./data/nofire (639).jpg,no_fire
./data/nofire (64).jpg,no_fire
./data/nofire (640).jpg,no_fire
./data/nofire (641).jpg,no_fire
./data/nofire (642).jpg,no_fire
./data/nofire (643).jpg,no_fire
./data/nofire (644).jpg,no_fire
./data/nofire (645).jpg,no_fire
./data/nofire (646).jpg,no_fire
./data/nofire (647).jpg,no_fire
./data/nofire (648).jpg,no_fire
./data/nofire (649).jpg,no_fire
./data/nofire (65).jpg,no_fire
./data/nofire (650).jpg,no_fire
./data/nofire (651).jpg,no_fire
./data/nofire (652).jpg,no_fire
./data/nofire (653).jpg,no_fire
./data/nofire (654).jpg,no_fire
./data/nofire (655).jpg,no_fire
./data/nofire (656).jpg,no_fire
./data/nofire (657).jpg,no_fire
./data/nofire (658).jpg,no_fire
./data/nofire (659).jpg,no_fire
./data/nofire (66).jpg,no_fire
./data/nofire (660).jpg,no_fire
./data/nofire (661).jpg,no_fire
./data/nofire (662).jpg,no_fire
./data/nofire (663).jpg,no_fire
./data/nofire (664).jpg,no_fire
./data/nofire (665).jpg,no_fire
./data/nofire (666).jpg,no_fire
./data/nofire (667).jpg,no_fire
./data/nofire (668).jpg,no_fire
./data/nofire (669).jpg,no_fire
./data/nofire (67).jpg,no_fire
./data/nofire (670).jpg,no_fire
./data/nofire (671).jpg,no_fire
./data/nofire (672).jpg,no_fire
./data/nofire (673).jpg,no_fire
./data/nofire (674).jpg,no_fire
./data/nofire (675).jpg,no_fire
./data/nofire (676).jpg,no_fire
./data/nofire (677).jpg,no_fire
./data/nofire (678).jpg,no_fire
./data/nofire (679).jpg,no_fire
./data/nofire (68).jpg,no_fire
./data/nofire (680).jpg,no_fire
./data/nofire (681).jpg,no_fire
./data/nofire (682).jpg,no_fire
./data/nofire (683).jpg,no_fire
./data/nofire (684).jpg,no_fire
./data/nofire (685).jpg,no_fire
./data/nofire (686).jpg,no_fire
./data/nofire (687).jpg,no_fire
./data/nofire (688).jpg,no_fire
./data/nofire (689).jpg,no_fire
./data/nofire (69).jpg,no_fire
./data/nofire (690).jpg,no_fire
./data/nofire (691).jpg,no_fire
./data/nofire (692).jpg,no_fire
./data/nofire (693).jpg,no_fire
./data/nofire (694).jpg,no_fire
./data/nofire (695).jpg,no_fire
./data/nofire (696).jpg,no_fire
./data/nofire (697).jpg,no_fire
./data/nofire (698).jpg,no_fire
./data/nofire (699).jpg,no_fire
./data/nofire (7).jpg,no_fire
./data/nofire (70).jpg,no_fire
./data/nofire (700).jpg,no_fire
./data/nofire (701).jpg,no_fire
./data/nofire (702).jpg,no_fire
./data/nofire (703).jpg,no_fire
./data/nofire (704).jpg,no_fire
./data/nofire (705).jpg,no_fire
./data/nofire (706).jpg,no_fire
./data/nofire (707).jpg,no_fire
./data/nofire (708).jpg,no_fire
./data/nofire (709).jpg,no_fire
./data/nofire (71).jpg,no_fire
./data/nofire (710).jpg,no_fire
./data/nofire (711).jpg,no_fire
./data/nofire (712).jpg,no_fire
./data/nofire (713).jpg,no_fire
./data/nofire (714).jpg,no_fire
./data/nofire (715).jpg,no_fire
./data/nofire (716).jpg,no_fire
./data/nofire (717).jpg,no_fire
./data/nofire (718).jpg,no_fire
./data/nofire (719).jpg,no_fire
./data/nofire (72).jpg,no_fire
./data/nofire (720).jpg,no_fire
./data/nofire (721).jpg,no_fire
./data/nofire (722).jpg,no_fire
./data/nofire (723).jpg,no_fire
./data/nofire (724).jpg,no_fire
./data/nofire (725).jpg,no_fire
./data/nofire (726).jpg,no_fire
./data/nofire (727).jpg,no_fire
./data/nofire (728).jpg,no_fire
./data/nofire (729).jpg,no_fire
./data/nofire (73).jpg,no_fire
./data/nofire (730).jpg,no_fire
./data/nofire (731).jpg,no_fire
./data/nofire (732).jpg,no_fire
./data/nofire (733).jpg,no_fire
./data/nofire (734).jpg,no_fire
./data/nofire (735).jpg,no_fire
./data/nofire (736).jpg,no_fire
./data/nofire (737).jpg,no_fire
./data/nofire (738).jpg,no_fire
./data/nofire (739).jpg,no_fire
./data/nofire (74).jpg,no_fire
./data/nofire (740).jpg,no_fire
./data/nofire (741).jpg,no_fire
./data/nofire (742).jpg,no_fire
./data/nofire (743).jpg,no_fire
./data/nofire (744).jpg,no_fire
./data/nofire (745).jpg,no_fire
./data/nofire (746).jpg,no_fire
./data/nofire (747).jpg,no_fire
./data/nofire (748).jpg,no_fire
./data/nofire (749).jpg,no_fire
./data/nofire (75).jpg,no_fire
./data/nofire (750).jpg,no_fire
./data/nofire (751).jpg,no_fire
./data/nofire (752).jpg,no_fire
./data/nofire (753).jpg,no_fire
./data/nofire (754).jpg,no_fire
./data/nofire (755).jpg,no_fire
./data/nofire (756).jpg,no_fire
./data/nofire (757).jpg,no_fire
./data/nofire (758).jpg,no_fire
./data/nofire (759).jpg,no_fire
./data/nofire (76).jpg,no_fire
./data/nofire (760).jpg,no_fire
./data/nofire (761).jpg,no_fire
./data/nofire (762).jpg,no_fire
./data/nofire (763).jpg,no_fire
./data/nofire (764).jpg,no_fire
./data/nofire (765).jpg,no_fire
./data/nofire (766).jpg,no_fire
./data/nofire (767).jpg,no_fire
./data/nofire (768).jpg,no_fire
./data/nofire (769).jpg,no_fire
./data/nofire (77).jpg,no_fire
./data/nofire (770).jpg,no_fire
./data/nofire (771).jpg,no_fire
./data/nofire (772).jpg,no_fire
./data/nofire (773).jpg,no_fire
./data/nofire (774).jpg,no_fire
./data/nofire (775).jpg,no_fire
./data/nofire (776).jpg,no_fire
./data/nofire (777).jpg,no_fire
./data/nofire (778).jpg,no_fire
./data/nofire (779).jpg,no_fire
./data/nofire (78).jpg,no_fire
./data/nofire (780).jpg,no_fire
./data/nofire (781).jpg,no_fire
./data/nofire (782).jpg,no_fire
./data/nofire (783).jpg,no_fire
./data/nofire (784).jpg,no_fire
./data/nofire (785).jpg,no_fire
./data/nofire (786).jpg,no_fire
./data/nofire (787).jpg,no_fire
./data/nofire (788).jpg,no_fire
./data/nofire (789).jpg,no_fire
./data/nofire (79).jpg,no_fire
./data/nofire (790).jpg,no_fire
./data/nofire (791).jpg,no_fire
./data/nofire (792).jpg,no_fire
./data/nofire (793).jpg,no_fire
./data/nofire (794).jpg,no_fire
./data/nofire (795).jpg,no_fire
./data/nofire (796).jpg,no_fire
./data/nofire (797).jpg,no_fire
./data/nofire (798).jpg,no_fire
./data/nofire (799).jpg,no_fire
./data/nofire (8).jpg,no_fire
./data/nofire (80).jpg,no_fire
./data/nofire (800).jpg,no_fire
./data/nofire (801).jpg,no_fire
./data/nofire (802).jpg,no_fire
./data/nofire (803).jpg,no_fire
./data/nofire (804).jpg,no_fire
./data/nofire (805).jpg,no_fire
./data/nofire (806).jpg,no_fire
./data/nofire (807).jpg,no_fire
./data/nofire (808).jpg,no_fire
./data/nofire (809).jpg,no_fire
./data/nofire (81).jpg,no_fire
./data/nofire (810).jpg,no_fire
./data/nofire (811).jpg,no_fire
./data/nofire (812).jpg,no_fire
./data/nofire (813).jpg,no_fire
./data/nofire (814).jpg,no_fire
./data/nofire (815).jpg,no_fire
./data/nofire (816).jpg,no_fire
./data/nofire (817).jpg,no_fire
./data/nofire (818).jpg,no_fire
./data/nofire (819).jpg,no_fire
./data/nofire (82).jpg,no_fire
./data/nofire (820).jpg,no_fire
./data/nofire (821).jpg,no_fire
./data/nofire (822).jpg,no_fire
./data/nofire (823).jpg,no_fire
./data/nofire (824).jpg,no_fire
./data/nofire (825).jpg,no_fire
./data/nofire (826).jpg,no_fire
./data/nofire (827).jpg,no_fire
./data/nofire (828).jpg,no_fire
./data/nofire (829).jpg,no_fire
./data/nofire (83).jpg,no_fire
./data/nofire (830).jpg,no_fire
./data/nofire (831).jpg,no_fire
./data/nofire (832).jpg,no_fire
./data/nofire (833).jpg,no_fire
./data/nofire (834).jpg,no_fire
./data/nofire (835).jpg,no_fire
./data/nofire (836).jpg,no_fire
./data/nofire (837).jpg,no_fire
./data/nofire (838).jpg,no_fire
./data/nofire (839).jpg,no_fire
./data/nofire (84).jpg,no_fire
./data/nofire (840).jpg,no_fire
./data/nofire (841).jpg,no_fire
./data/nofire (842).jpg,no_fire
./data/nofire (843).jpg,no_fire
./data/nofire (844).jpg,no_fire
./data/nofire (845).jpg,no_fire
./data/nofire (846).jpg,no_fire
./data/nofire (847).jpg,no_fire
./data/nofire (848).jpg,no_fire
./data/nofire (849).jpg,no_fire
./data/nofire (85).jpg,no_fire
./data/nofire (850).jpg,no_fire
./data/nofire (851).jpg,no_fire
./data/nofire (852).jpg,no_fire
./data/nofire (853).jpg,no_fire
./data/nofire (854).jpg,no_fire
./data/nofire (855).jpg,no_fire
./data/nofire (856).jpg,no_fire
./data/nofire (857).jpg,no_fire
./data/nofire (858).jpg,no_fire
./data/nofire (859).jpg,no_fire
./data/nofire (86).jpg,no_fire
./data/nofire (860).jpg,no_fire
./data/nofire (861).jpg,no_fire
./data/nofire (862).jpg,no_fire
./data/nofire (863).jpg,no_fire
./data/nofire (864).jpg,no_fire
./data/nofire (865).jpg,no_fire
./data/nofire (866).jpg,no_fire
./data/nofire (867).jpg,no_fire
./data/nofire (868).jpg,no_fire
./data/nofire (869).jpg,no_fire
./data/nofire (87).jpg,no_fire
./data/nofire (870).jpg,no_fire
./data/nofire (871).jpg,no_fire
./data/nofire (872).jpg,no_fire
./data/nofire (873).jpg,no_fire
./data/nofire (874).jpg,no_fire
./data/nofire (875).jpg,no_fire
./data/nofire (876).jpg,no_fire
./data/nofire (877).jpg,no_fire
./data/nofire (878).jpg,no_fire
./data/nofire (879).jpg,no_fire
./data/nofire (88).jpg,no_fire
./data/nofire (880).jpg,no_fire
./data/nofire (881).jpg,no_fire
./data/nofire (882).jpg,no_fire
./data/nofire (883).jpg,no_fire
./data/nofire (884).jpg,no_fire
./data/nofire (885).jpg,no_fire
./data/nofire (886).jpg,no_fire
./data/nofire (887).jpg,no_fire
./data/nofire (888).jpg,no_fire
./data/nofire (889).jpg,no_fire
./data/nofire (89).jpg,no_fire
./data/nofire (890).jpg,no_fire
./data/nofire (891).jpg,no_fire
./data/nofire (892).jpg,no_fire
./data/nofire (893).jpg,no_fire
./data/nofire (894).jpg,no_fire
./data/nofire (895).jpg,no_fire
./data/nofire (896).jpg,no_fire
./data/nofire (897).jpg,no_fire
./data/nofire (898).jpg,no_fire
./data/nofire (899).jpg,no_fire
./data/nofire (9).jpg,no_fire
./data/nofire (90).jpg,no_fire
./data/nofire (900).jpg,no_fire
./data/nofire (901).jpg,no_fire
./data/nofire (902).jpg,no_fire
./data/nofire (903).jpg,no_fire
./data/nofire (904).jpg,no_fire
./data/nofire (905).jpg,no_fire
./data/nofire (906).jpg,no_fire
./data/nofire (907).jpg,no_fire
./data/nofire (908).jpg,no_fire
./data/nofire (909).jpg,no_fire
./data/nofire (91).jpg,no_fire
./data/nofire (910).jpg,no_fire
./data/nofire (911).jpg,no_fire
./data/nofire (912).jpg,no_fire
./data/nofire (913).jpg,no_fire
./data/nofire (914).jpg,no_fire
./data/nofire (915).jpg,no_fire
./data/nofire (916).jpg,no_fire
./data/nofire (917).jpg,no_fire
./data/nofire (918).jpg,no_fire
./data/nofire (919).jpg,no_fire
./data/nofire (92).jpg,no_fire
./data/nofire (920).jpg,no_fire
./data/nofire (921).jpg,no_fire
./data/nofire (922).jpg,no_fire
./data/nofire (923).jpg,no_fire
./data/nofire (924).jpg,no_fire
./data/nofire (925).jpg,no_fire
./data/nofire (926).jpg,no_fire
./data/nofire (927).jpg,no_fire
./data/nofire (928).jpg,no_fire
./data/nofire (929).jpg,no_fire
./data/nofire (93).jpg,no_fire
./data/nofire (930).jpg,no_fire
./data/nofire (931).jpg,no_fire
./data/nofire (932).jpg,no_fire
./data/nofire (933).jpg,no_fire
./data/nofire (934).jpg,no_fire
./data/nofire (935).jpg,no_fire
./data/nofire (936).jpg,no_fire
./data/nofire (937).jpg,no_fire
./data/nofire (938).jpg,no_fire
./data/nofire (939).jpg,no_fire
./data/nofire (94).jpg,no_fire
./data/nofire (940).jpg,no_fire
./data/nofire (941).jpg,no_fire
./data/nofire (942).jpg,no_fire
./data/nofire (943).jpg,no_fire
./data/nofire (944).jpg,no_fire
./data/nofire (945).jpg,no_fire
./data/nofire (946).jpg,no_fire
./data/nofire (947).jpg,no_fire
./data/nofire (948).jpg,no_fire
./data/nofire (949).jpg,no_fire
./data/nofire (95).jpg,no_fire
./data/nofire (950).jpg,no_fire
./data/nofire (96).jpg,no_fire
./data/nofire (97).jpg,no_fire
./data/nofire (98).jpg,no_fire
./data/nofire (99).jpg,no_fire
